[
{
    "data": {
        "maintanied_by": "Rest-ApiUy",
        "soal": "Menjadi komandan upacara 17-an, komandan upacara harus siap",
        "jawaban": "Serak",
        "desc": "Harus siap serak, kan teriak-teriak",
    }
},
{
    "data": {
        "maintanied_by": "Rest-ApiUy",
        "soal": "Galang menyimpan buku di..",
        "jawaban": "Mas",
        "desc": "Bukunya dimas dipinjam galang kemarin sore.",
    }
},
{
    "data": {
        "maintanied_by": "Rest-ApiUy",
        "soal": "Mahasiswa yang ingin meraih gelar sarjana harus menyelesaikan...",
        "jawaban": "Sendiri",
        "desc": "Masa kamu pas lagi sidang diwakilin, ngga bisa dong, harus diselesaikan sendiri",
    }
},
{
    "data": {
        "maintanied_by": "Rest-ApiUy",
        "soal": "Yang menarik gerbong kereta api",
        "jawaban": "Lokuatgak",
        "desc": "Lokuatgak narik gerbong kereta?",
    }
},
{
    "data": {
        "maintanied_by": "Rest-ApiUy",
        "soal": "Sisi x sisi untuk menghitung luas...",
        "jawaban": "Kosan",
        "desc": "Selain untuk menghitung luas kotak, sisi x sisi juga bisa untuk menghitung luas kosan",
    }
},
{
    "data": {
        "maintanied_by": "Rest-ApiUy",
        "soal": "Tempat barang yang jarang dipakai dan banyak debunya",
        "jawaban": "Rumah",
        "desc": "Rumah kosong itu udah pasti jarang dipakai dan banyak debunya",
    }
},
{
    "data": {
        "maintanied_by": "Rest-ApiUy",
        "soal": "Yang menyebabkan orang haus saat ramadhan",
        "jawaban": "Cuaca",
        "desc": "Wah apalagi kalau cuacanya terik banget, bikin haus",
    }
},
{
    "data": {
        "maintanied_by": "Rest-ApiUy",
        "soal": "Mamat dimarahi ibu guru, karena kemarin ... sekolah",
        "jawaban": "Bobol",
        "desc": "Kalau bobol sekolah, itu perbuatan yang keterlaluan makanya dimarahi ibu guru",
    }
},
{
    "data": {
        "maintanied_by": "Rest-ApiUy",
        "soal": "Apabila mengendarai mobil wajib bawa",
        "jawaban": "Satu",
        "desc": "Kalo bawa 2 gimana mengendarainya?",
    }
},
{
    "data": {
        "maintanied_by": "Rest-ApiUy",
        "soal": "Memasak tempe terlalu lama",
        "jawaban": "Garing",
        "desc": "Kalau gosong belum tentu, tapi kalau garing udah pasti",
    }
},
{
    "data": {
        "maintanied_by": "Rest-ApiUy",
        "soal": "Tempat barang yang jarang dipakai dan banyak debunya",
        "jawaban": "Rumah",
        "desc": "Rumah kosong itu udah pasti jarang dipakai dan banyak debunya",
    }
},
{
    "data": {
        "maintanied_by": "Rest-ApiUy",
        "soal": "Orang batuk, dilarang minum...",
        "jawaban": "Bensin",
        "desc": "Wah sangat tidak disarankan kalau lagi batuk minum bensin, bukan batuk aja yang makin parah tapi nyawa juga terancam, makanya dilarang",
    }
},
{
    "data": {
        "maintanied_by": "Rest-ApiUy",
        "soal": "Kita bisa dengar suara motor lewat...",
        "jawaban": "Kampung",
        "desc": "Kalau ada motor lewat kita bisa dengar kan? Itu motor lagi lewat kampung rumah kita",
    }
},
{
    "data": {
        "maintanied_by": "Rest-ApiUy",
        "soal": "Gajah bisa menyemprotkan air karena punya...",
        "jawaban": "Kemauan",
        "desc": "Gajah nyemprotin air itu atas kemaunnya sendiri, ngga nyemprot gitu aja, misalnya nyemprotin air pas lagi mau mandi",
    }
},
{
    "data": {
        "maintanied_by": "Rest-ApiUy",
        "soal": "Halaman menjadi lebih indah kalau dikasih...",
        "jawaban": "Rumah",
        "desc": "Ya percuma dong kalau halaman ngga ada rumahnya, itu disebutnya lahan kosong bukan halaman",
    }
},
{
    "data": {
        "maintanied_by": "Rest-ApiUy",
        "soal": "Harimau mati meninggal kan",
        "jawaban": "Setuju",
        "desc": "Harimau mati meninggal kan? Setuju! Harimau yang mati pasti meninggal",
    }
},
{
    "data": {
        "maintanied_by": "Rest-ApiUy",
        "soal": "Sebelum jadi katak, anak katak disebut",
        "jawaban": "Remaja",
        "desc": "Nah proses sebelum menjadi dewasa yaitu menjadi katak, anak katak harus melalui masa-masa remaja dulu kan",
    }
},
{
    "data": {
        "maintanied_by": "Rest-ApiUy",
        "soal": "Tidak punya uang sepeserpun",
        "jawaban": "Kera",
        "desc": "Kera memang punya uang? Mau disimpan dimana coba",
    }
},
{
    "data": {
        "maintanied_by": "Rest-ApiUy",
        "soal": "Kambing yang ditusuk-tusuk dan siap dibakar, jadi...",
        "jawaban": "Lari",
        "desc": "Hewan itu pasti lari dong, dia kan ngga mau kalau dijadiin sate",
    }
},
{
    "data": {
        "maintanied_by": "Rest-ApiUy",
        "soal": "Selain motor, truk, bus, di jalan raya juga ada...",
        "jawaban": "IIIII",
        "desc": "Kalau kamu jeli, kamu pasti lihat kalau di jalan raya itu ada marka jalan yang garisnya putus-putus",
    }
},
{
    "data": {
        "maintanied_by": "Rest-ApiUy",
        "soal": "Minuman yang kita masukkan ke kulkas, pasti...",
        "jawaban": "Ringan",
        "desc": "Yang kita masukkan ke dalam kulkas pasti minuman yang ringan, memangnya seberat apa minuman yang dimasukkan ke dalam kulkas?",
    }
},
{
    "data": {
        "maintanied_by": "Rest-ApiUy",
        "soal": "Supaya tampil maksimal, seorang penyanyi harus cek...",
        "jawaban": "Saldo",
        "desc": "Sebelum tampil biasanya penyanyi cek saldo dulu, apakah dp atau bayarannya sudah masuk atau belum, supaya tampil maksimal dong",
    }
},
{
    "data": {
        "maintanied_by": "Rest-ApiUy",
        "soal": "Orang yang tidur, kedua matanya harus...",
        "jawaban": "Dekat",
        "desc": "Kalau berjauhan kedua matanya mana bisa tidur, yang ada matanya malah kebuka terus, jadi mata bagian atas dan bawah harus dekat supaya bisa nutup",
    }
},
{
    "data": {
        "maintanied_by": "Rest-ApiUy",
        "soal": "Lawannya gemuk",
        "jawaban": "Takut",
        "desc": "Ih, takut kalau lawannya gemuk",
    }
},
{
    "data": {
        "maintanied_by": "Rest-ApiUy",
        "soal": "Matahari, bulan, bintang, awan, pesawat, burung..., Itu semuanya ada di...",
        "jawaban": "Bacain",
        "desc": "Tadi semuanya itu udah dibacain ke kamu kan",
    }
},
{
    "data": {
        "maintanied_by": "Rest-ApiUy",
        "soal": "Supaya lebih cepat sampai di tujuan, orang biasanya memilih alternatif lewat jalan...",
        "jawaban": "Terus",
        "desc": "Karena kalau ngga jalan terus ngga ketemu-ketemu jalan alternatif yang dicari",
    }
},
{
    "data": {
        "maintanied_by": "Rest-ApiUy",
        "soal": "Untuk menyalakan lampu, kita harus pencet...",
        "jawaban": "Sekali",
        "desc": "Kalau dari posisi mati terus kita pencet dua kali saklarnya ya pasti mati lagi lampunya",
    }
},
{
    "data": {
        "maintanied_by": "Rest-ApiUy",
        "soal": "Bersatu kita teguh bercerai kita",
        "jawaban": "Sedih",
        "desc": "Siapa yang gak sedih cerai sama istri??",
    }
},
{
    "data": {
        "maintanied_by": "Rest-ApiUy",
        "soal": "Matahari, bulan, bintang, awan, pesawat, burung..., Itu semuanya ada di...",
        "jawaban": "Bacain",
        "desc": "Tadi semuanya itu udah dibacain ke kamu kan",
    }
},
{
    "data": {
        "maintanied_by": "Rest-ApiUy",
        "soal": "Matahari tenggelam di sebelah…",
        "jawaban": "Gawat",
        "desc": "Gawat kalau matahari tenggelam di sebelah kita",
    }
},
{
    "data": {
        "maintanied_by": "Rest-ApiUy",
        "soal": "Makanan yang dibungkus daun pisang?",
        "jawaban": "Lontong",
        "desc": "Gampang kan? suka ga sama lontong?",
    }
},
{
    "data": {
        "maintanied_by": "Rest-ApiUy",
        "soal": "Mawar melati semuanya…",
        "jawaban": "Bunga",
        "desc": "Kalo bukan bunga apa coba, hewan?",
    }
},
{
    "data": {
        "maintanied_by": "Rest-ApiUy",
        "soal": "Jangan membuang tisu di…",
        "jawaban": "Tempatnya",
        "desc": "Masih di tempatnya kok di buang",
    }
},
{
    "data": {
        "maintanied_by": "Rest-ApiUy",
        "soal": "Ketika _____ orang biasanya makan",
        "jawaban": "Marah",
        "desc": "Orang marah apa enggak ya pasti makan..",
    }
},
{
    "data": {
        "maintanied_by": "Rest-ApiUy",
        "soal": "Burung adalah hewan yang bisa",
        "jawaban": "Temenan",
        "desc": "Kan kalo burung terbang rame-rame sama temennya",
    }
},
{
    "data": {
        "maintanied_by": "Rest-ApiUy",
        "soal": "Hewan yang suka buka mulut lebar",
        "jawaban": "Kenaflu",
        "desc": "Itu karena ga bisa napas idungnya mampet",
    }
},
{
    "data": {
        "maintanied_by": "Rest-ApiUy",
        "soal": "Hewan yang berubah warna kalau ada musuhnya",
        "jawaban": "Bengong",
        "desc": "Karena, musuhnya bengong lihat hewan berubah warna",
    }
},
{
    "data": {
        "maintanied_by": "Rest-ApiUy",
        "soal": "Artis wanita yang punya kumis tipis",
        "jawaban": "Ih kumisan",
        "desc": "Ih kok kumisan sih..",
    }
},
{
    "data": {
        "maintanied_by": "Rest-ApiUy",
        "soal": "Artis wanita yang punya kumis tipis",
        "jawaban": "Tekan",
        "desc": "Kalau anda biasa ke atm kan pin ditekan",
    }
},
{
    "data": {
        "maintanied_by": "Rest-ApiUy",
        "soal": "Lebak bulus",
        "jawaban": "Terkenal",
        "desc": "Karena lebak bulus, cililitan semua orang tau maka nya terkenal",
    }
},
{
    "data": {
        "maintanied_by": "Rest-ApiUy",
        "soal": "Seorang matador bisa terluka karena diseruduk",
        "jawaban": "Biskota",
        "desc": "Mau banteng, mau bis kota, tetep aja bisa terluka",
    }
},
{
    "data": {
        "maintanied_by": "Rest-ApiUy",
        "soal": "Cermin jika di lap jadi…",
        "jawaban": "Cermin",
        "desc": "Ya masa berubah, yaa tetap cermin",
    }
},
{
    "data": {
        "maintanied_by": "Rest-ApiUy",
        "soal": "Batik merupakan produk asli dari",
        "jawaban": "Manusia",
        "desc": "Sejauh ini belum ada mahluk lain yang bisa",
    }
},
{
    "data": {
        "maintanied_by": "Rest-ApiUy",
        "soal": "Kendaraan yang suka dipake tukang ojek?",
        "jawaban": "Mogok",
        "desc": "Motor emang suka mogok",
    }
},
{
    "data": {
        "maintanied_by": "Rest-ApiUy",
        "soal": "Binatang apa yang ga bisa bergerak?",
        "jawaban": "Paus",
        "desc": "Kalau game di paus(e) kan berhenti main nya",
    }
},
{
    "data": {
        "maintanied_by": "Rest-ApiUy",
        "soal": "Sehabis olahraga",
        "jawaban": "Airminum",
        "desc": "Abis olahraga pasti haus kan",
    }
},
{
    "data": {
        "maintanied_by": "Rest-ApiUy",
        "soal": "Di tiup angin berkibar di setiap negara",
        "jawaban": "Jemuran",
        "desc": "Disetiap negara orang menjemur pakaiannya",
    }
},
{
    "data": {
        "maintanied_by": "Rest-ApiUy",
        "soal": "Kalo haus minum",
        "jawaban": "Aja",
        "desc": "Minum aja ntar juga ga aus",
    }
},
{
    "data": {
        "maintanied_by": "Rest-ApiUy",
        "soal": "Yang bikin harum",
        "jawaban": "Pfffht",
        "desc": "Kan bunyi pengharum ruangan pffht",
    }
},
{
    "data": {
        "maintanied_by": "Rest-ApiUy",
        "soal": "Rasanya pedas",
        "jawaban": "Sshahh",
        "desc": "Kalau kamu makan makanan pedas rasanya gimana? Pasti keluar bunyi \"sshahh\"",
    }
}
]
